USE bibliotheques;

SET FOREIGN_KEY_CHECKS=0;

TRUNCATE TABLE bibliotheques.TBL_LIVRE;
TRUNCATE TABLE bibliotheques.TBL_BIBLIOTHEQUE;
TRUNCATE TABLE bibliotheques.TBL_RESERVATION;
TRUNCATE TABLE bibliotheques.TBL_USER;
TRUNCATE TABLE bibliotheques.TBL_ROLE;


INSERT INTO bibliotheques.TBL_LIVRE (id_livre,titre, auteur, publication,resume,nombre_pages,nom_categorie,date_achat,prix_location,etat_livre,disponibilite,bibliotheque_id_bibliotheque) VALUES
(1, 'Dune','FRANK HERBERT', '2017-11-28 02:45:30','livre de science fiction inspirée des space opéras et qui mélangent l"action, les intrigues et amour',320,'Science Fiction','2018-05-28 19:45:30',10,'neuf',false,1),
(2, 'Fondation','ISAAC ASIMOV', '2018-09-28 02:45:30','livre de science fiction qui mélange les sciences et les intrigues',290,'Science Fiction','2019-04-28 15:45:30',10,'neuf',false,1),
(3, 'Une poignée de seigle','AGATHA CHRISTIE', '2011-04-28 02:45:30','livre d"enquête policière',242,'Policier','2011-04-30 18:45:30',10,'neuf',false,2),
(4, 'la bicyclette bleue','REGINE DEFORGES', '2015-04-28 02:45:30','Roman qui raconte la vie d"une petite gamine cummulant les fragiltés d"une adolescente et les intrigues',463,'Roman','2015-04-05 10:45:30',15,'normal',false,2),
(5, 'Le couteau sur la nuque','AGATHA CHRISTIE', '2007-04-28 02:45:30','livre d"enquête policière de Hercule Poirot',247,'Policier','2007-04-29 12:45:30',10,'normal',true,1),
(6, 'Pourquoi pas Evans?','AGATHA CHRISTIE', '2005-02-28 02:45:30',' livre d"enquête policière',246,'Policier','2005-05-01 16:45:30',10,'normal',true,3),
(7, 'El Trio de la Dama Negra','IRENE ADLER', '2018-04-28 02:45:30','livre d"enquête policière à la Sherlock',259,'Policier','2018-05-03 09:45:30',10,'normal',true,2),
(8, 'Histoire d"Aladdin ou la lampe merveilleuse','ANTOINE GALLAND', '2001-03-28 02:45:30','livre pour enfants des contes des Mille et une Nuits',169,'Contes','2001-06-15 19:45:30',10,'normal',true,3),
(9, 'Colomba et dix autres nouvelles','MERIMEE', '2000-04-28 02:45:30','livre de nouvelles de Mérimée dans l"ambiance du Sud de la France',479,'Nouvelles','2000-04-30 11:45:30',15,'normal',true,3),
(10, 'SAN ANTONIO Oeuvres Complètes Tome 2','FREDERIC DART', '1980-01-28 02:45:30','livre de 5 histoires de San Antonio',635,'Policier','1980-07-14 16:45:30',20,'vieux',true,2),
(11, 'Dune','FRANK HERBERT', '2018-02-28 02:45:30','livre de science fiction inspirée des space opéras et qui mélangent l"action, les intrigues et amour',320,'Science Fiction','2018-06-30 09:45:30',10,'neuf',true,1),
(12, 'Dune','FRANK HERBERT', '2018-01-28 02:45:30','livre de science fiction inspirée des space opéras et qui mélangent l"action, les intrigues et amour',320,'Science Fiction','2018-06-12 16:45:30',10,'normal',true,2),
(13, 'Fondation','ISAAC ASIMOV', '2018-09-28 02:45:30','livre de science fiction qui mélange les sciences et les intrigues',290,'Science Fiction','2019-04-28 15:45:30',10,'neuf',true,1),
(14, 'Fondation','ISAAC ASIMOV', '2018-09-28 02:45:30','livre de science fiction qui mélange les sciences et les intrigues',290,'Science Fiction','2019-04-28 15:45:30',10,'neuf',true,1),
(15, 'Une poignée de seigle','AGATHA CHRISTIE', '2011-04-28 02:45:30','livre d"enquête policière',242,'Policier','2011-04-30 18:45:30',10,'vieux',true,2),
(16, 'la bicyclette bleue','REGINE DEFORGES', '2015-04-28 02:45:30','Roman qui raconte la vie d"une petite gamine cummulant les fragiltés d"une adolescente et les intrigues',463,'Roman','2015-04-05 10:45:30',15,'normal',true,2),
(17, 'Histoire d"Aladdin ou la lampe merveilleuse','ANTOINE GALLAND', '2001-03-28 02:45:30','livre pour enfants des contes des Mille et une Nuits',169,'Contes','2001-06-15 19:45:30',10,'normal',true,3);

INSERT INTO bibliotheques.TBL_BIBLIOTHEQUE (id_bibliotheque, adresse, lieu, nom_bibliotheque) VALUES
(1, '140 AVENUE CHARLES DE GAULLE', 'BRUGES', 'ESPACE DE BRUGES'),
(2, '38 RUE EMILE COUDORD', 'BORDEAUX', 'ESPACE CULTUREL DE BORDEAUX'),
(3, '50 AVENUE GENERAL LECLERC', 'LE BOUSCAT', 'TECHNOSPACE CULTUREL');


INSERT INTO bibliotheques.TBL_RESERVATION (id_reservation, date_retrait, date_reservation,delai_location,etat_reservation,prolongation,isactif,relance,user_id_user,livre_id_livre,date_retour) VALUES
(1,'2020-06-28 14:45:30','2020-06-20 02:45:30',28,'en cours de pret',false,true,false,1,1,null),
(2,'2020-07-20 09:55:30','2020-07-15 02:45:30',28,'en cours de pret',false,true,false,3,2,null),
(3,'2020-05-28 11:35:30','2020-05-20 02:45:30',28,'en cours de pret',false,true,false,1,3,null),
(4,'2020-07-27 16:40:30','2020-07-20 02:45:30',28,'en cours de pret',false,true,false,4,4,null);

INSERT INTO bibliotheques.TBL_USER (id_user,actif_user, mail_user, mot_passe, nom_user,prenom_user,role_id_role) VALUES
(1,true, 'admin@gmail.com', '$2a$10$orNTHc4cA9i1.rYJaOC.iub.TGnufPupGjwja3qa5dfXrf7olXjBO', 'Steigerwald','Brice',1),
(2,true, 'user@gmail.com', '$2a$10$GQXfIS9n2oJuE1lVI70yFeu5iJn/PEm5B0CUrfGEUT7bSRcsuqCnS', 'Steigerwald','Jacques',2),
(3,true, 'steigerwaldb5@gmail.com', '$2a$10$GQXfIS9n2oJuE1lVI70yFeu5iJn/PEm5B0CUrfGEUT7bSRcsuqCnS', 'Hot','Tara',1),
(4,true, 'jean@gmail.com', '$2a$10$GQXfIS9n2oJuE1lVI70yFeu5iJn/PEm5B0CUrfGEUT7bSRcsuqCnS', 'Pierre','Jean',2),
(5,true, 'anne@gmail.com', '$2a$10$GQXfIS9n2oJuE1lVI70yFeu5iJn/PEm5B0CUrfGEUT7bSRcsuqCnS', 'Priska','Anne',2),
(6,true, 'batch@gmail.com', '$2a$10$orNTHc4cA9i1.rYJaOC.iub.TGnufPupGjwja3qa5dfXrf7olXjBO', 'Batch','AutreBatch',1);

INSERT INTO bibliotheques.TBL_BIBLIOTHEQUE_USERS (bibliotheques_id_bibliotheque,users_id_user) VALUES
(1,1),
(2,3),
(3,2),
(3,3);

INSERT INTO bibliotheques.TBL_ROLE (id_role, actif_role,nom_role) VALUES
(1,true, 'ROLE_ADMIN'),
(2,true, 'ROLE_USER');


SET FOREIGN_KEY_CHECKS=1;